label,manifest
Jaffa vom Meere aus.,http://iiif.nli.org.il/IIIFv21/DOCID/NNL_ARCHIVE_AL003484782/manifest
[יריחו].,http://iiif.nli.org.il/IIIFv21/DOCID/NNL_ARCHIVE_AL003484781/manifest
עזרת נדחים.,http://iiif.nli.org.il/IIIFv21/DOCID/NNL_ARCHIVE_AL003488366/manifest
קאלאניע פתח תקוה.,http://iiif.nli.org.il/IIIFv21/DOCID/NNL_ARCHIVE_AL003765025/manifest
"אחוזת הקבר של קרל נטר, מקוה ישראל.",http://iiif.nli.org.il/IIIFv21/DOCID/NNL_ARCHIVE_AL003540119/manifest
[יהושע סירקין וראשוני המתיישבים בכפר עין זיתים],http://iiif.nli.org.il/IIIFv21/DOCID/NNL_ARCHIVE_AL002719224/manifest
"[פרדס אבו רחמה, נס ציונה]",http://iiif.nli.org.il/IIIFv21/DOCID/NNL_ARCHIVE_AL003484808/manifest
ראשון לציון,http://iiif.nli.org.il/IIIFv21/DOCID/NNL_ARCHIVE_AL002642909/manifest
ועד בית העם והספריה בראשון לציון,http://iiif.nli.org.il/IIIFv21/DOCID/NNL_ARCHIVE_AL002642707/manifest
"חנוכת בית הפועלים במוצא, ל""ג בעמר תרנ""ה",http://iiif.nli.org.il/IIIFv21/DOCID/NNL_ARCHIVE_AL002719238/manifest
[סלילת כביש באחת ממושבות ארץ ישראל].,http://iiif.nli.org.il/IIIFv21/DOCID/NNL_ARCHIVE_AL003574987/manifest
"פתח תקוה, מערב.",http://iiif.nli.org.il/IIIFv21/DOCID/NNL_ARCHIVE_AL003484847/manifest
קבר רבי מאיר בעל הנס.,http://iiif.nli.org.il/IIIFv21/DOCID/NNL_ARCHIVE_AL003484850/manifest
ראש פנה,http://iiif.nli.org.il/IIIFv21/DOCID/NNL_ARCHIVE_AL003484894/manifest
ראש פנה.,http://iiif.nli.org.il/IIIFv21/DOCID/NNL_ARCHIVE_AL003484903/manifest
גשר הירדן.,http://iiif.nli.org.il/IIIFv21/DOCID/NNL_ARCHIVE_AL003484913/manifest
מערת אליהו הנביא.,http://iiif.nli.org.il/IIIFv21/DOCID/NNL_ARCHIVE_AL003535411/manifest
שוויה אצל שומרון.,http://iiif.nli.org.il/IIIFv21/DOCID/NNL_ARCHIVE_AL003535415/manifest
רחובות.,http://iiif.nli.org.il/IIIFv21/DOCID/NNL_ARCHIVE_AL003484779/manifest
"מראה הפנימי של בית המדרש ""שלום הארץ"" בבית מושב זקנים בעיה""ק ירושלם תובב""א.",http://iiif.nli.org.il/IIIFv21/DOCID/NNL_ARCHIVE_AL003479240/manifest
תזמרת ראשון לציון,http://iiif.nli.org.il/IIIFv21/DOCID/NNL_ARCHIVE_AL002642904/manifest
עשרת החלוצים הראשונים של המושבה מחנים בארץ הקדש,http://iiif.nli.org.il/IIIFv21/DOCID/NNL_ARCHIVE_AL002720084/manifest
Abraham Epstein und Prof. Dr. Awigdor Aptowitzer in Baden bei Wien.,http://iiif.nli.org.il/IIIFv21/DOCID/NNL_ARCHIVE_AL003567745/manifest
Jerusalem: Jemenite Jews - Arabische Juden - Juifs de Yémen.,http://iiif.nli.org.il/IIIFv21/DOCID/NNL_ARCHIVE_AL003684696/manifest
"בית הספר של חכי""ח ""התורה והמלאכה"" בעיה""ק ירושלים ת""ו עם קבוצת תלמידיו, מוריו ומנהליו",http://iiif.nli.org.il/IIIFv21/DOCID/NNL_ARCHIVE_AL002642922/manifest
הר הבית.,http://iiif.nli.org.il/IIIFv21/DOCID/NNL_ARCHIVE_AL003680527/manifest
כרמי גדרה.,http://iiif.nli.org.il/IIIFv21/DOCID/NNL_ARCHIVE_AL003540035/manifest
רחובות.,http://iiif.nli.org.il/IIIFv21/DOCID/NNL_ARCHIVE_AL003540030/manifest
"Rechoboth, 1902: Schule.",http://iiif.nli.org.il/IIIFv21/DOCID/NNL_ARCHIVE_AL002725675/manifest
"Absaloms Grabmal, Jerusalem.",http://iiif.nli.org.il/IIIFv21/DOCID/NNL_ARCHIVE_AL003712744/manifest
<<Die>> Aksa-Moschee in Jerusalem.,http://iiif.nli.org.il/IIIFv21/DOCID/NNL_ARCHIVE_AL003712743/manifest
Ansicht von Akka - Palaestina.,http://iiif.nli.org.il/IIIFv21/DOCID/NNL_ARCHIVE_AL003712888/manifest
Ansicht von Tyrus.,http://iiif.nli.org.il/IIIFv21/DOCID/NNL_ARCHIVE_AL003713136/manifest
<<Der>> Berg Tabor.,http://iiif.nli.org.il/IIIFv21/DOCID/NNL_ARCHIVE_AL003712918/manifest
Caesarea Stratonis.,http://iiif.nli.org.il/IIIFv21/DOCID/NNL_ARCHIVE_AL003712885/manifest
"Djenin in der Jesreel-Ebene, Palaestina.",http://iiif.nli.org.il/IIIFv21/DOCID/NNL_ARCHIVE_AL003713576/manifest
"<<Das>> ""Feld des Boas"".",http://iiif.nli.org.il/IIIFv21/DOCID/NNL_ARCHIVE_AL003712915/manifest
<<Der>> Felsendom auf dem Tempelplatz in Jerusalem.,http://iiif.nli.org.il/IIIFv21/DOCID/NNL_ARCHIVE_AL003712739/manifest
<<Der>> Felsendom in Jerusalem.,http://iiif.nli.org.il/IIIFv21/DOCID/NNL_ARCHIVE_AL003712741/manifest
Gaza in Sued-Palaestina.,http://iiif.nli.org.il/IIIFv21/DOCID/NNL_ARCHIVE_AL003713144/manifest
Gilgal im Jordantal.,http://iiif.nli.org.il/IIIFv21/DOCID/NNL_ARCHIVE_AL003712922/manifest
Jerusalem: Das Goldene Tor.,http://iiif.nli.org.il/IIIFv21/DOCID/NNL_ARCHIVE_AL003712738/manifest
<<Die>> Jordan-Quelle bei Dan.,http://iiif.nli.org.il/IIIFv21/DOCID/NNL_ARCHIVE_AL003712864/manifest
Mizpah in Benjamin.,http://iiif.nli.org.il/IIIFv21/DOCID/NNL_ARCHIVE_AL003712883/manifest
Platz der Burg Antonia in Jerusalem.,http://iiif.nli.org.il/IIIFv21/DOCID/NNL_ARCHIVE_AL003712814/manifest
<<Die>> Pyramiden von Gizeh.,http://iiif.nli.org.il/IIIFv21/DOCID/NNL_ARCHIVE_AL003713133/manifest
Rahel's Grab; Am Tiberias See.,http://iiif.nli.org.il/IIIFv21/DOCID/NNL_ARCHIVE_AL003712921/manifest
<<Der>> Tempelplatz in Jerusalem.,http://iiif.nli.org.il/IIIFv21/DOCID/NNL_ARCHIVE_AL003713141/manifest
<<Der>> Tempelplatz mit dem Oelberge im Hintergrund.,http://iiif.nli.org.il/IIIFv21/DOCID/NNL_ARCHIVE_AL003712742/manifest
"אספת היסוד של הסתדרות המורים בזכרון יעקב, אלול תרס""ג",http://iiif.nli.org.il/IIIFv21/DOCID/NNL_ARCHIVE_AL002642539/manifest
חיפה.,http://iiif.nli.org.il/IIIFv21/DOCID/NNL_ARCHIVE_AL003696861/manifest
"נשיאות הכנסיה הראשונה בארץ ישראל, זכרון יעקב",http://iiif.nli.org.il/IIIFv21/DOCID/NNL_ARCHIVE_AL002642686/manifest
Jerusalem: Damaskus-Tor.,http://iiif.nli.org.il/IIIFv21/DOCID/NNL_ARCHIVE_AL003680855/manifest
Jerusalem: Measuring Wheat - Weizen-Verkäuter - Vente du blé.,http://iiif.nli.org.il/IIIFv21/DOCID/NNL_ARCHIVE_AL003681292/manifest
Jerusalem: Sheep and Shepherd - Hirte mit Schafen - Berger et brébis.,http://iiif.nli.org.il/IIIFv21/DOCID/NNL_ARCHIVE_AL003680848/manifest
"Travelers' Camps at Nazareth, April 1904",http://iiif.nli.org.il/IIIFv21/DOCID/NNL_ARCHIVE_AL003534990/manifest
לשכת הסופרים של חברת אנגליא-פלשתינה בירושלים.,http://iiif.nli.org.il/IIIFv21/DOCID/NNL_ARCHIVE_AL003535713/manifest
"חברת אנגליה-פלשתינה בערבון מוגבל, יפו.",http://iiif.nli.org.il/IIIFv21/DOCID/NNL_ARCHIVE_AL003535727/manifest
"בית חנוך עורים לבני ישראל, ירושלים.",http://iiif.nli.org.il/IIIFv21/DOCID/NNL_ARCHIVE_AL003677451/manifest
קבוצת סופרים עברים בוילנה,http://iiif.nli.org.il/IIIFv21/DOCID/NNL_ARCHIVE_AL002643733/manifest
<<ה>>מרכז בראשון לציון.,http://iiif.nli.org.il/IIIFv21/DOCID/NNL_ARCHIVE_AL003691518/manifest
"אחד העם בחברת בתו וחתנו, לאה ושמואל יוסף פבזנר.",http://iiif.nli.org.il/IIIFv21/DOCID/NNL_ARCHIVE_AL003670429/manifest
אל הכרם לנטור.,http://iiif.nli.org.il/IIIFv21/DOCID/NNL_ARCHIVE_AL003694680/manifest
"גמנסיה עברית, יפו.",http://iiif.nli.org.il/IIIFv21/DOCID/NNL_ARCHIVE_AL003479521/manifest
"בניין בנק אנגלו פלשתינה, סניף חברון.",http://iiif.nli.org.il/IIIFv21/DOCID/NNL_ARCHIVE_AL003479540/manifest
"חברי ""מוריה"" (תלמידי בית המדרש למורים בירושלם) בהתעמלם.",http://iiif.nli.org.il/IIIFv21/DOCID/NNL_ARCHIVE_AL003571813/manifest
"רחוב בוסטרוס, יפו.",http://iiif.nli.org.il/IIIFv21/DOCID/NNL_ARCHIVE_AL003484747/manifest
"סניף אנגלו פלשתינה בנק, חיפה.",http://iiif.nli.org.il/IIIFv21/DOCID/NNL_ARCHIVE_AL003479528/manifest
"Wasserleitung Installation, Kolonie Messcha.",http://iiif.nli.org.il/IIIFv21/DOCID/NNL_ARCHIVE_AL003483856/manifest
Jerusalem Old City,http://iiif.nli.org.il/IIIFv21/DOCID/NNL_ARCHIVE_AL003681304/manifest
[משפחה ערבית נוצרית בירושלים].,http://iiif.nli.org.il/IIIFv21/DOCID/NNL_ARCHIVE_AL003674549/manifest
Am Libanon.,http://iiif.nli.org.il/IIIFv21/DOCID/NNL_ARCHIVE_AL003681363/manifest
Am Toten Meer.,http://iiif.nli.org.il/IIIFv21/DOCID/NNL_ARCHIVE_AL003681354/manifest
Bethlehem.,http://iiif.nli.org.il/IIIFv21/DOCID/NNL_ARCHIVE_AL003681356/manifest
<<Die>> Citadelle von Jerusalem.,http://iiif.nli.org.il/IIIFv21/DOCID/NNL_ARCHIVE_AL003681958/manifest
Davids Grab in Jerusalem.,http://iiif.nli.org.il/IIIFv21/DOCID/NNL_ARCHIVE_AL003681365/manifest
<<Das>> Helige Bad am Jordan.,http://iiif.nli.org.il/IIIFv21/DOCID/NNL_ARCHIVE_AL003681369/manifest
Jaffa: House of Simon the tanner.,http://iiif.nli.org.il/IIIFv21/DOCID/NNL_ARCHIVE_AL003709323/manifest
Jerusalem: Auf der Plattform des Felsendomes.,http://iiif.nli.org.il/IIIFv21/DOCID/NNL_ARCHIVE_AL003681367/manifest
Jerusalem: Tomb of Absalom.,http://iiif.nli.org.il/IIIFv21/DOCID/NNL_ARCHIVE_AL003709579/manifest
Kirche der Himmelfahrt Christi auf dem Oelberg.,http://iiif.nli.org.il/IIIFv21/DOCID/NNL_ARCHIVE_AL003682041/manifest
Kreuzfindungskapelle in Jerusalem.,http://iiif.nli.org.il/IIIFv21/DOCID/NNL_ARCHIVE_AL003681969/manifest
Nazareth.,http://iiif.nli.org.il/IIIFv21/DOCID/NNL_ARCHIVE_AL003681368/manifest
<<Der>> Teich von Bethesda in Jerusalem.,http://iiif.nli.org.il/IIIFv21/DOCID/NNL_ARCHIVE_AL003682064/manifest
Tiberias: General View.,http://iiif.nli.org.il/IIIFv21/DOCID/NNL_ARCHIVE_AL003709264/manifest
ארוחת צהרים בשדה ברחובות.,http://iiif.nli.org.il/IIIFv21/DOCID/NNL_ARCHIVE_AL003696897/manifest
בית הכנסת בפתח תקוה.,http://iiif.nli.org.il/IIIFv21/DOCID/NNL_ARCHIVE_AL003695824/manifest
בית הספר ובית התפלה במקוה ישראל.,http://iiif.nli.org.il/IIIFv21/DOCID/NNL_ARCHIVE_AL003694733/manifest
"Strasse im Viertel Sichron Mosche, Jerusalem",http://iiif.nli.org.il/IIIFv21/DOCID/NNL_ARCHIVE_AL002642894/manifest
"בניין בנק אנגלו פלשתינה, סניף ירושלים.",http://iiif.nli.org.il/IIIFv21/DOCID/NNL_ARCHIVE_AL003479543/manifest
<<ה>>חוה כנרת.,http://iiif.nli.org.il/IIIFv21/DOCID/NNL_ARCHIVE_AL003479812/manifest
<<ה>>ירדן בגליל על יד אום דז'וני.,http://iiif.nli.org.il/IIIFv21/DOCID/NNL_ARCHIVE_AL003479829/manifest
[בקור הרב חיים נחום במושבה פתח תקוה],http://iiif.nli.org.il/IIIFv21/DOCID/NNL_ARCHIVE_AL002723780/manifest
<<ה>>ירדן והכנרת בדגניה.,http://iiif.nli.org.il/IIIFv21/DOCID/NNL_ARCHIVE_AL003694691/manifest
<<ה>>לבורטוריה החימית בבית המדרש למורים בירושלם.,http://iiif.nli.org.il/IIIFv21/DOCID/NNL_ARCHIVE_AL003571815/manifest
מפת ארץ ישראל.,http://iiif.nli.org.il/IIIFv21/DOCID/NNL_ARCHIVE_AL003681254/manifest
"משפחת ילין, ירושלים.",http://iiif.nli.org.il/IIIFv21/DOCID/NNL_ARCHIVE_AL003542487/manifest
Neue jüdische Viertel Herzliah in Haifa,http://iiif.nli.org.il/IIIFv21/DOCID/NNL_ARCHIVE_AL003483853/manifest
צפת.,http://iiif.nli.org.il/IIIFv21/DOCID/NNL_ARCHIVE_AL003696831/manifest
קבוצה של נשות מייסדי תל אביב.,http://iiif.nli.org.il/IIIFv21/DOCID/NNL_ARCHIVE_AL003569529/manifest
ראשון לציון: גן המושבה.,http://iiif.nli.org.il/IIIFv21/DOCID/NNL_ARCHIVE_AL003695828/manifest
רחוב הרצל בתל אביב.,http://iiif.nli.org.il/IIIFv21/DOCID/NNL_ARCHIVE_AL003696180/manifest
"Herzlia - Gymnasia Ibrith, Jaffa, Palestine, Tell Abib [!].",http://iiif.nli.org.il/IIIFv21/DOCID/NNL_ARCHIVE_AL003680863/manifest
"בית מדרש לרבנים ירושלים תובב""א שנת אעת""ר.",http://iiif.nli.org.il/IIIFv21/DOCID/NNL_ARCHIVE_AL002725176/manifest
"חברי מערכת ""האחדות"".",http://iiif.nli.org.il/IIIFv21/DOCID/NNL_ARCHIVE_AL003570928/manifest
חג ברחוב הרצל בתל אביב.,http://iiif.nli.org.il/IIIFv21/DOCID/NNL_ARCHIVE_AL003696182/manifest
אורות שלמה.,http://iiif.nli.org.il/IIIFv21/DOCID/NNL_ARCHIVE_AL003695254/manifest
"בית אליעזר בן יהודה בשכונת תלפיות, ירושלים.",http://iiif.nli.org.il/IIIFv21/DOCID/NNL_ARCHIVE_AL003670492/manifest
<<א>> גרופע פיאנערקעס ביי דער פעלד-ארבייט אין פאלעסטינא.,http://iiif.nli.org.il/IIIFv21/DOCID/NNL_ARCHIVE_AL003823744/manifest
"הנחת אבן הפנה של הטיכניקום בחיפה, אביב תרע""ב.",http://iiif.nli.org.il/IIIFv21/DOCID/NNL_ARCHIVE_AL003696866/manifest
חגיגה שנתית ברחובות: תהלוכה.,http://iiif.nli.org.il/IIIFv21/DOCID/NNL_ARCHIVE_AL003696884/manifest
"שדרות רוטשילד, תל אביב",http://iiif.nli.org.il/IIIFv21/DOCID/NNL_ARCHIVE_AL003479946/manifest
"צפת: בית כנסת האר""י ז""ל",http://iiif.nli.org.il/IIIFv21/DOCID/NNL_ARCHIVE_AL003680843/manifest
"שמריה לוין, אהרן אהרנסון ויוסף לוריה לפני מלון הרדג, יפו.",http://iiif.nli.org.il/IIIFv21/DOCID/NNL_ARCHIVE_AL003567131/manifest
"Die ersten Abiturienten des hebräischen Gymnasiums - Jaffa, 1913.",http://iiif.nli.org.il/IIIFv21/DOCID/NNL_ARCHIVE_AL003484464/manifest
ברנר עם אחיו ואחיותיו.,http://iiif.nli.org.il/IIIFv21/DOCID/NNL_ARCHIVE_AL003538638/manifest
[גלויה - ללא כותרת],http://iiif.nli.org.il/IIIFv21/DOCID/NNL_ARCHIVE_AL003709873/manifest
[גלויה - ללא כותרת],http://iiif.nli.org.il/IIIFv21/DOCID/NNL_ARCHIVE_AL003711541/manifest
ילדי רחובות נושאים במוט ענבים.,http://iiif.nli.org.il/IIIFv21/DOCID/NNL_ARCHIVE_AL003696895/manifest
"ועידת הגרענת הראשונה לרופאים העברים בא""י. ירושלים, ד' ניסן - ו' ניסן, תרע""ד.",http://iiif.nli.org.il/IIIFv21/DOCID/NNL_ARCHIVE_AL003481767/manifest
יודישע היטלען אין פערשידענע צייטען.,http://iiif.nli.org.il/IIIFv21/DOCID/NNL_ARCHIVE_AL003688247/manifest
מארק אנטוקולסקי על ערש המות.,http://iiif.nli.org.il/IIIFv21/DOCID/NNL_ARCHIVE_AL003691101/manifest
מסחר-מסחר.,http://iiif.nli.org.il/IIIFv21/DOCID/NNL_ARCHIVE_AL003691485/manifest
"מטבח אחוה, יפו, תרע""ה.",http://iiif.nli.org.il/IIIFv21/DOCID/NNL_ARCHIVE_AL003539059/manifest
Regierungshaus mit Garten in Bir-es-Seba.,http://iiif.nli.org.il/IIIFv21/DOCID/NNL_ARCHIVE_AL003579029/manifest
"Moschee in Gaza, 1917.",http://iiif.nli.org.il/IIIFv21/DOCID/NNL_ARCHIVE_AL003579030/manifest
Jerusalem: The Duke of Connaught on his way to the Holy Sepulchre.,http://iiif.nli.org.il/IIIFv21/DOCID/NNL_ARCHIVE_AL003707977/manifest
Jerusalem: The Official arrival of General Allenby at the Holy City.,http://iiif.nli.org.il/IIIFv21/DOCID/NNL_ARCHIVE_AL003708000/manifest
"טקס הנחת אבן הפינה לאוניברסיטה העברית בירושלים, הר הצופים.",http://iiif.nli.org.il/IIIFv21/DOCID/NNL_ARCHIVE_AL003486474/manifest
"ארז הרצל, מוצא.",http://iiif.nli.org.il/IIIFv21/DOCID/NNL_ARCHIVE_AL003670219/manifest
בתי דגניה ממעוף הצפור.,http://iiif.nli.org.il/IIIFv21/DOCID/NNL_ARCHIVE_AL003487410/manifest
[החזרת ספרי התורה הגולים מפתח תקוה לתל אביב],http://iiif.nli.org.il/IIIFv21/DOCID/NNL_ARCHIVE_AL002720365/manifest
"ישיבת ועד הצירים עם באי כח הישוב, תרע""ט.",http://iiif.nli.org.il/IIIFv21/DOCID/NNL_ARCHIVE_AL003487078/manifest
<<Der>> Davids-Turm in Jerusalem.,http://iiif.nli.org.il/IIIFv21/DOCID/NNL_ARCHIVE_AL003681283/manifest
<<The>> Jews Wailing place on Friday.,http://iiif.nli.org.il/IIIFv21/DOCID/NNL_ARCHIVE_AL003680876/manifest
חדרה: ביער האוקליפטוס.,http://iiif.nli.org.il/IIIFv21/DOCID/NNL_ARCHIVE_AL003691245/manifest
<<ה>>חוה מגדל בגליל: על העין.,http://iiif.nli.org.il/IIIFv21/DOCID/NNL_ARCHIVE_AL003691141/manifest
<<ה>>מושבה גדרה (קטרה).,http://iiif.nli.org.il/IIIFv21/DOCID/NNL_ARCHIVE_AL003691246/manifest
<<ה>>מושבה משמר הירדן בגליל.,http://iiif.nli.org.il/IIIFv21/DOCID/NNL_ARCHIVE_AL003691231/manifest
"<<ה>>מושבה מתולה בגליל - אשדות המים ""תנור"".",http://iiif.nli.org.il/IIIFv21/DOCID/NNL_ARCHIVE_AL003691243/manifest
<<ה>>מושבה ראש פנה בגליל: מראה נף.,http://iiif.nli.org.il/IIIFv21/DOCID/NNL_ARCHIVE_AL003691237/manifest
"מן הפוגרום הירושלמי, פסח תר""פ.",http://iiif.nli.org.il/IIIFv21/DOCID/NNL_ARCHIVE_AL003778324/manifest
<<ה>>פסל ישראל סבה בגן בצלאל.,http://iiif.nli.org.il/IIIFv21/DOCID/NNL_ARCHIVE_AL003708273/manifest
"בקור הגב' והא' אוסישקין על יד הבנין, הדר הכרמל, 27.10.1921.",http://iiif.nli.org.il/IIIFv21/DOCID/NNL_ARCHIVE_AL003538664/manifest
[וינסטון צ'רציל נואם לפני בנין ועד העיריה בתל אביב],http://iiif.nli.org.il/IIIFv21/DOCID/NNL_ARCHIVE_AL002723074/manifest
"אחד העם בשדרות הטכניון, חיפה.",http://iiif.nli.org.il/IIIFv21/DOCID/NNL_ARCHIVE_AL003567878/manifest
"קבוצה של ביל""ויים בראשון לציון",http://iiif.nli.org.il/IIIFv21/DOCID/NNL_ARCHIVE_AL002643577/manifest
"פתיחת התערוכה של פרופ' בוריס שץ ב""בצלאל"", חול המועד פסח תרפ""ב.",http://iiif.nli.org.il/IIIFv21/DOCID/NNL_ARCHIVE_AL003484630/manifest
"הגמנסיה העברית בירושלים: בוגרי מחזור תרפ""ב עם מוריהם.",http://iiif.nli.org.il/IIIFv21/DOCID/NNL_ARCHIVE_AL003539049/manifest
Jerusalem Men's College.,http://iiif.nli.org.il/IIIFv21/DOCID/NNL_ARCHIVE_AL003480193/manifest
בנין בית ביאליק.,http://iiif.nli.org.il/IIIFv21/DOCID/NNL_ARCHIVE_AL003567734/manifest
בנין בית ביאליק.,http://iiif.nli.org.il/IIIFv21/DOCID/NNL_ARCHIVE_AL003567738/manifest
בנין בית ביאליק.,http://iiif.nli.org.il/IIIFv21/DOCID/NNL_ARCHIVE_AL003567877/manifest
הנחת אבן הפנה במגדל לבתים הראשונים,http://iiif.nli.org.il/IIIFv21/DOCID/NNL_ARCHIVE_AL002725371/manifest
<<ה>>ועד הראשון וחבר העובדים של חברת דורשי האוניברסיטה העברית בירושלים.,http://iiif.nli.org.il/IIIFv21/DOCID/NNL_ARCHIVE_AL003483862/manifest
חג יובל שנות עבודתו הספרותית של מרדכי בן הלל הכהן,http://iiif.nli.org.il/IIIFv21/DOCID/NNL_ARCHIVE_AL002643651/manifest
"מגילת היסוד לשכונת תל משה, מגדל.",http://iiif.nli.org.il/IIIFv21/DOCID/NNL_ARCHIVE_AL003764863/manifest
"פועלי בית החרושת לממתקים ושוקולד ""רענן"", תל אביב.",http://iiif.nli.org.il/IIIFv21/DOCID/NNL_ARCHIVE_AL003539243/manifest
"אהל על קבר הצדיק רבי מנחם נחום פרידמאן משטיפיענעשט, יאסי.",http://iiif.nli.org.il/IIIFv21/DOCID/NNL_ARCHIVE_AL003484946/manifest
בוגרי בית המדרש למורים העברי עם צוות המורים.,http://iiif.nli.org.il/IIIFv21/DOCID/NNL_ARCHIVE_AL003536184/manifest
"ביקור הברון רוטשילד בגן המושבה זכרון יעקב, תרפ""ה.",http://iiif.nli.org.il/IIIFv21/DOCID/NNL_ARCHIVE_AL003542439/manifest
ביקור הלורד בלפור בכפר הנוער שפיה.,http://iiif.nli.org.il/IIIFv21/DOCID/NNL_ARCHIVE_AL003564410/manifest
Jerusalem from Mount Scopus.,http://iiif.nli.org.il/IIIFv21/DOCID/NNL_ARCHIVE_AL003680786/manifest
עלית החלוצים ביפו.,http://iiif.nli.org.il/IIIFv21/DOCID/NNL_ARCHIVE_AL003709869/manifest
בנייני האוניברסיטה העברית על הר הצופים.,http://iiif.nli.org.il/IIIFv21/DOCID/NNL_ARCHIVE_AL003488672/manifest
"ישיבת ""כנסת ישראל"" (סלבודקה), חברון.",http://iiif.nli.org.il/IIIFv21/DOCID/NNL_ARCHIVE_AL003669404/manifest
"ישיבת ""כנסת ישראל"" (סלבודקה), חברון.",http://iiif.nli.org.il/IIIFv21/DOCID/NNL_ARCHIVE_AL003669406/manifest
חברון - מראה כללי.,http://iiif.nli.org.il/IIIFv21/DOCID/NNL_ARCHIVE_AL003669409/manifest
אשל אברהם על יד חברון.,http://iiif.nli.org.il/IIIFv21/DOCID/NNL_ARCHIVE_AL003669946/manifest
גדרה: מראה כללי.,http://iiif.nli.org.il/IIIFv21/DOCID/NNL_ARCHIVE_AL003691240/manifest
חברי הסתדרות הנוער העובד בארץ ישראל על שם בר ברוכוב.,http://iiif.nli.org.il/IIIFv21/DOCID/NNL_ARCHIVE_AL003823737/manifest
חריש בשדות מגדל.,http://iiif.nli.org.il/IIIFv21/DOCID/NNL_ARCHIVE_AL003571515/manifest
חריש בשדות מגדל.,http://iiif.nli.org.il/IIIFv21/DOCID/NNL_ARCHIVE_AL003571523/manifest
"<<ב>>יום פתיחת האוניברסיטה העברית בירושלים, ז' ניסן תרפ""ה.",http://iiif.nli.org.il/IIIFv21/DOCID/NNL_ARCHIVE_AL003713570/manifest
"יוסף לוריה, יצחק ליב גולדברג ומרדכי בן הלל הכהן בהר הצופים",http://iiif.nli.org.il/IIIFv21/DOCID/NNL_ARCHIVE_AL002642709/manifest
יפו: בית המכס ותנועת המסחר בנמל.,http://iiif.nli.org.il/IIIFv21/DOCID/NNL_ARCHIVE_AL003681269/manifest
כרוז מודיע על כניסת השבת בתל אביב.,http://iiif.nli.org.il/IIIFv21/DOCID/NNL_ARCHIVE_AL003628960/manifest
"לורד בלפור נואם בטקס פתיחת האוניברסיטה העברית, הר הצופים.",http://iiif.nli.org.il/IIIFv21/DOCID/NNL_ARCHIVE_AL003480081/manifest
נחלת יעקב.,http://iiif.nli.org.il/IIIFv21/DOCID/NNL_ARCHIVE_AL003725136/manifest
[פועלים עברים מניחים צנור מים בעיר העתיקה בירושלים],http://iiif.nli.org.il/IIIFv21/DOCID/NNL_ARCHIVE_AL002723649/manifest
"ביקור הרב קוק בקבוצת ""עבודת ישראל"" על הר הכרמל, תרפ""ה.",http://iiif.nli.org.il/IIIFv21/DOCID/NNL_ARCHIVE_AL003488324/manifest
"[קבוצת סופרים עברים בזכרון יעקב, תרפ""ו].",http://iiif.nli.org.il/IIIFv21/DOCID/NNL_ARCHIVE_AL002723766/manifest
[קבוצת סופרים עברים בתל אביב],http://iiif.nli.org.il/IIIFv21/DOCID/NNL_ARCHIVE_AL002723014/manifest
תכנית הבית הכללי של האוניברסיטה העברית בירושלים מאת הפרופ. פ. גדס.,http://iiif.nli.org.il/IIIFv21/DOCID/NNL_ARCHIVE_AL003713574/manifest
"תמונת בית הכנסת הגדול בית יעקב נשיאיה ופקידיה, ירושלים תרפ""ה",http://iiif.nli.org.il/IIIFv21/DOCID/NNL_ARCHIVE_AL002642531/manifest
"[קבלת פנים לרב יחיאל מרדכי גורדון בפתח תקוה, תרפ""ו].",http://iiif.nli.org.il/IIIFv21/DOCID/NNL_ARCHIVE_AL003578948/manifest
"יהודי שיראז עוסקים בעבודות סיתות, ירושלים תרפ""ו.",http://iiif.nli.org.il/IIIFv21/DOCID/NNL_ARCHIVE_AL003670044/manifest
יום הולדתו השבעים של אחד העם.,http://iiif.nli.org.il/IIIFv21/DOCID/NNL_ARCHIVE_AL003478172/manifest
"לזכר העברת עצמות מנהיגנו הגדול ד""ר מכס נורדוי ז""ל לתל אביב.",http://iiif.nli.org.il/IIIFv21/DOCID/NNL_ARCHIVE_AL003567359/manifest
<<ה>>ישיבה האחרונה של ועדת העשרים,http://iiif.nli.org.il/IIIFv21/DOCID/NNL_ARCHIVE_AL002643714/manifest
"על אדמת ""מנורה"".",http://iiif.nli.org.il/IIIFv21/DOCID/NNL_ARCHIVE_AL002722485/manifest
"תעשית קופסאות הקהק""ל בבית החרשת זלצמן בירושלים.",http://iiif.nli.org.il/IIIFv21/DOCID/NNL_ARCHIVE_AL003581150/manifest
"חגיגת ראשון למאי, שכונת ברוכוב 1927.",http://iiif.nli.org.il/IIIFv21/DOCID/NNL_ARCHIVE_AL003670208/manifest
"תהלוכת פורים תרפ""ז ברחוב סט. פאול, ירושלים.",http://iiif.nli.org.il/IIIFv21/DOCID/NNL_ARCHIVE_AL003570070/manifest
"Picknick des Sir Alfred Mond in Migdal, Tiberias.",http://iiif.nli.org.il/IIIFv21/DOCID/NNL_ARCHIVE_AL003557333/manifest
"Villa Lord Melchett, Migdal, im bau.",http://iiif.nli.org.il/IIIFv21/DOCID/NNL_ARCHIVE_AL003558008/manifest
[בניית בית הקפה והמסעדה במושבה מגדל].,http://iiif.nli.org.il/IIIFv21/DOCID/NNL_ARCHIVE_AL003557331/manifest
"<<ה>>ישיבה הק' ""מרכז הרב"" יסוד הישיבה המרכזית העולמית בירושלם תוב""א.",http://iiif.nli.org.il/IIIFv21/DOCID/NNL_ARCHIVE_AL003488534/manifest
"[דב אלוני ובתו בחברת ח""נ ביאליק].",http://iiif.nli.org.il/IIIFv21/DOCID/NNL_ARCHIVE_AL003567876/manifest
ילדי המושבה מגדל מקבלים את פניו של לורד מלצ'ט.,http://iiif.nli.org.il/IIIFv21/DOCID/NNL_ARCHIVE_AL003573256/manifest
"לורד מלצ'ט על שפת אגם כנרת, בקרבת המושבה מגדל.",http://iiif.nli.org.il/IIIFv21/DOCID/NNL_ARCHIVE_AL003586455/manifest
"מלון פלטין, תל אביב.",http://iiif.nli.org.il/IIIFv21/DOCID/NNL_ARCHIVE_AL003586200/manifest
"הכנוס השלישי של קציני ברית טרומפלדור, תל אביב.",http://iiif.nli.org.il/IIIFv21/DOCID/NNL_ARCHIVE_AL003536157/manifest
פנורמה של העיר נצרת,http://iiif.nli.org.il/IIIFv21/DOCID/NNL_ARCHIVE_AL003535399/manifest
תלמידי בית הספר במושבה מגדל ממתינים לקבל את פניו של לורד מלצ'ט.,http://iiif.nli.org.il/IIIFv21/DOCID/NNL_ARCHIVE_AL003557334/manifest
תלמידי בית הספר במושבה מגדל ממתינים לקבל את פניו של לורד מלצ'ט.,http://iiif.nli.org.il/IIIFv21/DOCID/NNL_ARCHIVE_AL003557335/manifest
[חנוכת בית הקפה והמסעדה במושבה מגדל].,http://iiif.nli.org.il/IIIFv21/DOCID/NNL_ARCHIVE_AL003557262/manifest
ירית אבן הפנה של בנין הקרן הקימת בירושלים,http://iiif.nli.org.il/IIIFv21/DOCID/NNL_ARCHIVE_AL002720792/manifest
Jerusalem - The Jewish University on the Mount of Olives [!].,http://iiif.nli.org.il/IIIFv21/DOCID/NNL_ARCHIVE_AL003709575/manifest
Tel Aviv: The Municipality.,http://iiif.nli.org.il/IIIFv21/DOCID/NNL_ARCHIVE_AL003709243/manifest
"בית הספריה הלאומית, האוניברסיטאית.",http://iiif.nli.org.il/IIIFv21/DOCID/NNL_ARCHIVE_AL003709496/manifest
בניין אופרה מוגרבי מואר לכבוד פורים.,http://iiif.nli.org.il/IIIFv21/DOCID/NNL_ARCHIVE_AL003577614/manifest
"ועדת הכותל, 1930.",http://iiif.nli.org.il/IIIFv21/DOCID/NNL_ARCHIVE_AL003481750/manifest
"חזית חנות הצילום של ח'ליל ראאד, רחוב יפו, ירושלים.",http://iiif.nli.org.il/IIIFv21/DOCID/NNL_ARCHIVE_AL003487513/manifest
ירושלים: בית הכנסת והרובע היהודי בעיר העתיקה.,http://iiif.nli.org.il/IIIFv21/DOCID/NNL_ARCHIVE_AL003709540/manifest
"[מורים ותלמידים בגמנסיה הרצליה, תל אביב]",http://iiif.nli.org.il/IIIFv21/DOCID/NNL_ARCHIVE_AL002723748/manifest
[נוף מן האמפיתיאטרון על הר הצופים].,http://iiif.nli.org.il/IIIFv21/DOCID/NNL_ARCHIVE_AL003569560/manifest
ירושלים. הכותל המערבי.,http://iiif.nli.org.il/IIIFv21/DOCID/NNL_ARCHIVE_AL003681352/manifest
תבליט המנורה שהעתקתי מהאבן השקועה בעמוד בבית הכנסת בפקיעין.,http://iiif.nli.org.il/IIIFv21/DOCID/NNL_ARCHIVE_AL003569382/manifest
תל אביב: בית ביאליק והעיריה.,http://iiif.nli.org.il/IIIFv21/DOCID/NNL_ARCHIVE_AL003709403/manifest
"היכל בית הכנסת ""רחביה"", ירושלים.",http://iiif.nli.org.il/IIIFv21/DOCID/NNL_ARCHIVE_AL003901795/manifest
מטע בננות במושבה מגדל.,http://iiif.nli.org.il/IIIFv21/DOCID/NNL_ARCHIVE_AL003557436/manifest
פקידי עירית תל אביב מברכים את ראש העיר מאיר דיזנגוף למלאת לו שבעים שנה.,http://iiif.nli.org.il/IIIFv21/DOCID/NNL_ARCHIVE_AL003481768/manifest
צעירי המזרח בתהלוכת העדלאידע בתל אביב.,http://iiif.nli.org.il/IIIFv21/DOCID/NNL_ARCHIVE_AL003670028/manifest
"סופרים עברים בועידת הסופרים, תל אביב, תרצ""א.",http://iiif.nli.org.il/IIIFv21/DOCID/NNL_ARCHIVE_AL002722699/manifest
"Conference on Jewish Italian Poetesses: Palatin Hotel, Tel Aviv",http://iiif.nli.org.il/IIIFv21/DOCID/NNL_ARCHIVE_AL003570128/manifest
"ביקור הנציב העליון במחצבות ""סלע"", ירושלים.",http://iiif.nli.org.il/IIIFv21/DOCID/NNL_ARCHIVE_AL003628562/manifest
"מגלת היסוד לבנין ""בית בנימין"", תל אביב.",http://iiif.nli.org.il/IIIFv21/DOCID/NNL_ARCHIVE_AL003780277/manifest
"מסיבה של ""ברית ראשונים"" לכבוד הביל""ויים בגימנסיה הרצליה.",http://iiif.nli.org.il/IIIFv21/DOCID/NNL_ARCHIVE_AL002642441/manifest
"מסיבת ""אחיעבר"" בקיץ תרצ""ב, תל אביב",http://iiif.nli.org.il/IIIFv21/DOCID/NNL_ARCHIVE_AL002720803/manifest
"ועידת הסופרים העברים, תל אביב, תרצ""ב.",http://iiif.nli.org.il/IIIFv21/DOCID/NNL_ARCHIVE_AL003484760/manifest
[ועד אגודת אחים אנשי אמריקה בירושלים].,http://iiif.nli.org.il/IIIFv21/DOCID/NNL_ARCHIVE_AL003488390/manifest
"[טקס הנחת אבן הפנה לבנין ""מרכז אמריקאי"" בשכונת אחוה, ירושלים].",http://iiif.nli.org.il/IIIFv21/DOCID/NNL_ARCHIVE_AL003488416/manifest
מסע הלויה של חיים ארלוזורוב ברחובות תל אביב.,http://iiif.nli.org.il/IIIFv21/DOCID/NNL_ARCHIVE_AL003629066/manifest
מסע הלויה של חיים ארלוזורוב ברחובות תל אביב.,http://iiif.nli.org.il/IIIFv21/DOCID/NNL_ARCHIVE_AL003629068/manifest
מסע הלויה של חיים ארלוזורוב ברחובות תל אביב.,http://iiif.nli.org.il/IIIFv21/DOCID/NNL_ARCHIVE_AL003629072/manifest
מסע הלויה של חיים ארלוזורוב ברחובות תל אביב.,http://iiif.nli.org.il/IIIFv21/DOCID/NNL_ARCHIVE_AL003629073/manifest
"[<<ה>>רב קוק נושא דברים בטקס הנחת אבן הפנה לבנין ""מרכז אמריקאי"" בשכונת אחוה, ירושלים].",http://iiif.nli.org.il/IIIFv21/DOCID/NNL_ARCHIVE_AL003488420/manifest
Laying of the Cornerstone of the Jeshurun (United Synagogue of America) Synagogue Center.,http://iiif.nli.org.il/IIIFv21/DOCID/NNL_ARCHIVE_AL003570160/manifest
Rabbi Lowenthal of the United Synagogue of America addressing the gathering assembled at the Laying of the Cornerstone of the Jeshurun Synagogue Center.,http://iiif.nli.org.il/IIIFv21/DOCID/NNL_ARCHIVE_AL003570158/manifest
Tel Hai: Trumpeldor Monument.,http://iiif.nli.org.il/IIIFv21/DOCID/NNL_ARCHIVE_AL003709391/manifest
"מושב הועד הפועל הציוני בירושלם, ניסן תרצ""ד.",http://iiif.nli.org.il/IIIFv21/DOCID/NNL_ARCHIVE_AL003567400/manifest
גר צדק מהולנד קורא בתורה.,http://iiif.nli.org.il/IIIFv21/DOCID/NNL_ARCHIVE_AL003573573/manifest
[חגיגת יובל החמישים למושבה גדרה],http://iiif.nli.org.il/IIIFv21/DOCID/NNL_ARCHIVE_AL002719909/manifest
ירושלים - רחביה. מראה כללי מצד קרן-הקימת.,http://iiif.nli.org.il/IIIFv21/DOCID/NNL_ARCHIVE_AL003709585/manifest
סגל מורי האוניברסיטה העברית בירושלים.,http://iiif.nli.org.il/IIIFv21/DOCID/NNL_ARCHIVE_AL003541901/manifest
"Damascus Gate, 1935.",http://iiif.nli.org.il/IIIFv21/DOCID/NNL_ARCHIVE_AL003579023/manifest
פגישת הציונים הותיקים בירושלים.,http://iiif.nli.org.il/IIIFv21/DOCID/NNL_ARCHIVE_AL003483647/manifest
"<<ה>>בית היהודי הראשון בשכונת הדר הכרמל, חיפה.",http://iiif.nli.org.il/IIIFv21/DOCID/NNL_ARCHIVE_AL003670170/manifest
חיים ויצמן ושאול אדלר בטקס פתיחת המחלקה לכימיה פיסיקלית.,http://iiif.nli.org.il/IIIFv21/DOCID/NNL_ARCHIVE_AL003541998/manifest
חתונה יהודית בירושלים.,http://iiif.nli.org.il/IIIFv21/DOCID/NNL_ARCHIVE_AL003578367/manifest
ירושלים: האוניברסיטה העברית.,http://iiif.nli.org.il/IIIFv21/DOCID/NNL_ARCHIVE_AL003712392/manifest
"שכונת הדר הכרמל, חיפה.",http://iiif.nli.org.il/IIIFv21/DOCID/NNL_ARCHIVE_AL003670186/manifest
"שכונת הדר הכרמל, חיפה.",http://iiif.nli.org.il/IIIFv21/DOCID/NNL_ARCHIVE_AL003670189/manifest
"שכונת הדר הכרמל, חיפה.",http://iiif.nli.org.il/IIIFv21/DOCID/NNL_ARCHIVE_AL003670195/manifest
מצעד של הצבא הבריטי בירושלים.,http://iiif.nli.org.il/IIIFv21/DOCID/NNL_ARCHIVE_AL003570695/manifest
[סטודנטים באוניברסיטה העברית בשעת הפסקה],http://iiif.nli.org.il/IIIFv21/DOCID/NNL_ARCHIVE_AL003487751/manifest
[תצפית מתוך שער הכניסה הראשי לאוניברסיטה העברית],http://iiif.nli.org.il/IIIFv21/DOCID/NNL_ARCHIVE_AL003487756/manifest
"[<<ה>>מוזיאון הבוטני באוניברסיטה העברית, הר הצופים]",http://iiif.nli.org.il/IIIFv21/DOCID/NNL_ARCHIVE_AL003487761/manifest
[אלכסנדר איג מרצה לפני סטודנטים באוניברסיטה העברית בירושלים],http://iiif.nli.org.il/IIIFv21/DOCID/NNL_ARCHIVE_AL003487779/manifest
"שוטר פלשתינאי ברחוב יפו, ירושלים",http://iiif.nli.org.il/IIIFv21/DOCID/NNL_ARCHIVE_AL003674277/manifest
הזוכים בפרס מוסד ביאליק,http://iiif.nli.org.il/IIIFv21/DOCID/NNL_ARCHIVE_AL002655142/manifest
"טקס הלויה של ד""ר קרל פלדברג, חיפה.",http://iiif.nli.org.il/IIIFv21/DOCID/NNL_ARCHIVE_AL003550650/manifest
קונצרט של הרביעיה הירושלמית לכלי מיתר - רביעית האוזר.,http://iiif.nli.org.il/IIIFv21/DOCID/NNL_ARCHIVE_AL003541913/manifest
שריונית בריטית מאבטחת אוטובוס עברי בדרך לירושלים,http://iiif.nli.org.il/IIIFv21/DOCID/NNL_ARCHIVE_AL002723479/manifest
Palestine Potash Co. Workers Camp at the Southern End of the Dead Sea.,http://iiif.nli.org.il/IIIFv21/DOCID/NNL_ARCHIVE_AL003569470/manifest
חוף עין גב.,http://iiif.nli.org.il/IIIFv21/DOCID/NNL_ARCHIVE_AL003574727/manifest
[סטודנטים מן האוניברסיטה העברית בירושלים אורזים תפוזים בפרדס],http://iiif.nli.org.il/IIIFv21/DOCID/NNL_ARCHIVE_AL003487797/manifest
איטה ודוד ילין עם אחד מנכדיהם.,http://iiif.nli.org.il/IIIFv21/DOCID/NNL_ARCHIVE_AL003571237/manifest
"מראה כללי של האוניברסיטה העברית בירושלים, הר הצופים.",http://iiif.nli.org.il/IIIFv21/DOCID/NNL_ARCHIVE_AL003573499/manifest
"ועד הסתדרות הסטודנטים של האוניברסיטה העברית בשנת תרצ""ז - תרצ""ח.",http://iiif.nli.org.il/IIIFv21/DOCID/NNL_ARCHIVE_AL003570087/manifest
טיפוס יהודי מהכותל המערבי.,http://iiif.nli.org.il/IIIFv21/DOCID/NNL_ARCHIVE_AL003570710/manifest
"[מראה כללי של האוניברסיטה העברית בירושלים, הר הצופים].",http://iiif.nli.org.il/IIIFv21/DOCID/NNL_ARCHIVE_AL003578985/manifest
"חגיגת בר מצוה של משה כהן משהיוף, ירושלים.",http://iiif.nli.org.il/IIIFv21/DOCID/NNL_ARCHIVE_AL003479476/manifest
One of the factory buildings of the Palestine Potash Co. on the Dead Sea.,http://iiif.nli.org.il/IIIFv21/DOCID/NNL_ARCHIVE_AL003569469/manifest
"[חיילים בריטים מפזרים קהל מפגינים יהודים ברחוב גאולה, ירושלים.]",http://iiif.nli.org.il/IIIFv21/DOCID/NNL_ARCHIVE_AL003487423/manifest
"בית מדרש שם ועבר ומערת רבי דוסא בן הרכינס, צפת.",http://iiif.nli.org.il/IIIFv21/DOCID/NNL_ARCHIVE_AL003687400/manifest
הכניסה למערת המכפלה - ציור מאת מוניה לנדר.,http://iiif.nli.org.il/IIIFv21/DOCID/NNL_ARCHIVE_AL003669412/manifest
"ציון בניהו בן יהוידע הכהן, צפת.",http://iiif.nli.org.il/IIIFv21/DOCID/NNL_ARCHIVE_AL003687401/manifest
"ציון רבי יהודה בר אילעאי ור' יוסי בנו, עין זיתון.",http://iiif.nli.org.il/IIIFv21/DOCID/NNL_ARCHIVE_AL003687486/manifest
"ציון רבי יהושע בן חנניא, צפת.",http://iiif.nli.org.il/IIIFv21/DOCID/NNL_ARCHIVE_AL003687500/manifest
"ציון רבי יוסי סאראגוסי, עין זיתון.",http://iiif.nli.org.il/IIIFv21/DOCID/NNL_ARCHIVE_AL003687682/manifest
"ציון רבי ירמי', טבריא.",http://iiif.nli.org.il/IIIFv21/DOCID/NNL_ARCHIVE_AL003687489/manifest
"ציון רבי כרוספדאי חמיד ליבא ורבי רחומאי, עין זיתון.",http://iiif.nli.org.il/IIIFv21/DOCID/NNL_ARCHIVE_AL003687764/manifest
"ציון רבינו יצחק לוריא האר""י ז""ל, צפת.",http://iiif.nli.org.il/IIIFv21/DOCID/NNL_ARCHIVE_AL003687765/manifest
"ציון רבינו משה חיים לוצטו בעל ""מסילת ישרים"", טבריה.",http://iiif.nli.org.il/IIIFv21/DOCID/NNL_ARCHIVE_AL003687494/manifest
"רחוב המלכים, חיפה.",http://iiif.nli.org.il/IIIFv21/DOCID/NNL_ARCHIVE_AL003480022/manifest
Member of the Youth Aliyah Settlement at the Dead Sea Northen End.,http://iiif.nli.org.il/IIIFv21/DOCID/NNL_ARCHIVE_AL003573970/manifest
אמת המים הרומית בצד כביש עכו - נהריה.,http://iiif.nli.org.il/IIIFv21/DOCID/NNL_ARCHIVE_AL003573984/manifest
[אמת המים ליד קבוץ לוחמי הגטאות],http://iiif.nli.org.il/IIIFv21/DOCID/NNL_ARCHIVE_AL002723580/manifest
"בית המדרש למורים ""מזרחי"", ירושלם ת""ו.",http://iiif.nli.org.il/IIIFv21/DOCID/NNL_ARCHIVE_AL003488651/manifest
"אחות אוחזת בידה תינוק שהגיע על סיפון האניה ""מטרואה"".",http://iiif.nli.org.il/IIIFv21/DOCID/NNL_ARCHIVE_AL003573943/manifest
"בית צעירות מזרחי, ירושלים.",http://iiif.nli.org.il/IIIFv21/DOCID/NNL_ARCHIVE_AL003586420/manifest
חניך עלית הנוער.,http://iiif.nli.org.il/IIIFv21/DOCID/NNL_ARCHIVE_AL003586433/manifest
מצעד של הצבא הבריטי ברחובות ירושלים.,http://iiif.nli.org.il/IIIFv21/DOCID/NNL_ARCHIVE_AL003570672/manifest
Children of Sdoth Yam during the searches.,http://iiif.nli.org.il/IIIFv21/DOCID/NNL_ARCHIVE_AL003569639/manifest
"Palestine Police Band, 1st. June, 1946.",http://iiif.nli.org.il/IIIFv21/DOCID/NNL_ARCHIVE_AL003538033/manifest
Screening at the searches in Sdoth Yam.,http://iiif.nli.org.il/IIIFv21/DOCID/NNL_ARCHIVE_AL003569634/manifest
Searches at Sdoth Yam: Screening of the woman.,http://iiif.nli.org.il/IIIFv21/DOCID/NNL_ARCHIVE_AL003558278/manifest
[חיילים בריטים עורכים חיפוש בירושלים].,http://iiif.nli.org.il/IIIFv21/DOCID/NNL_ARCHIVE_AL003570703/manifest
מלון המלך דוד בירושלים לאחר הפיצוץ.,http://iiif.nli.org.il/IIIFv21/DOCID/NNL_ARCHIVE_AL003570219/manifest
"[ספינת המעפילים ""ארבע חירויות"" בנמל חיפה].",http://iiif.nli.org.il/IIIFv21/DOCID/NNL_ARCHIVE_AL003558235/manifest
"[ספינת המעפילים ""מקס נורדאו"" בנמל חיפה].",http://iiif.nli.org.il/IIIFv21/DOCID/NNL_ARCHIVE_AL003558167/manifest
"[ספינת המעפילים ""מקס נורדאו"" בנמל חיפה].",http://iiif.nli.org.il/IIIFv21/DOCID/NNL_ARCHIVE_AL003558176/manifest
"[ספינת המעפילים ""מקס נורדאו"" בנמל חיפה].",http://iiif.nli.org.il/IIIFv21/DOCID/NNL_ARCHIVE_AL003558178/manifest
"[ספינת המעפילים ""מקס נורדאו"" בנמל חיפה].",http://iiif.nli.org.il/IIIFv21/DOCID/NNL_ARCHIVE_AL003558229/manifest
רחוב מאה שערים בירושלים בשעת עוצר.,http://iiif.nli.org.il/IIIFv21/DOCID/NNL_ARCHIVE_AL003570230/manifest
"Leo Baeck School, Haifa: Our children celebrating the foundation of the Jewish State, November 1947.",http://iiif.nli.org.il/IIIFv21/DOCID/NNL_ARCHIVE_AL002725678/manifest
Yishuv celebrates Jewish State Decision.,http://iiif.nli.org.il/IIIFv21/DOCID/NNL_ARCHIVE_AL003569629/manifest
"[גלאב פשה, עבדאללה מלך ירדן וגנרל ברקר בירושלים, 1947]",http://iiif.nli.org.il/IIIFv21/DOCID/NNL_ARCHIVE_AL002723535/manifest
"אנית המעפילים ""יציאת אירופה תש""ז",http://iiif.nli.org.il/IIIFv21/DOCID/NNL_ARCHIVE_AL003571004/manifest
"אנית המעפילים ""יציאת אירופה תש""ז",http://iiif.nli.org.il/IIIFv21/DOCID/NNL_ARCHIVE_AL003578339/manifest
"אנית המעפילים ""יציאת אירופה תש""ז"" בהגיעה לחופי ארץ ישראל",http://iiif.nli.org.il/IIIFv21/DOCID/NNL_ARCHIVE_AL003558043/manifest
"אנית המעפילים ""יציאת אירופה תש""ז"" בהגיעה לחופי ארץ ישראל",http://iiif.nli.org.il/IIIFv21/DOCID/NNL_ARCHIVE_AL003558050/manifest
"אנית המעפילים ""מדינת היהודים"" בהגיעה לחופי ארץ ישראל",http://iiif.nli.org.il/IIIFv21/DOCID/NNL_ARCHIVE_AL003558276/manifest
Yishuv celebrates Jewish State Decision.,http://iiif.nli.org.il/IIIFv21/DOCID/NNL_ARCHIVE_AL003569631/manifest
"חגיגות כ""ט בנובמבר בחצר בנייני המוסדות הלאומיים.",http://iiif.nli.org.il/IIIFv21/DOCID/NNL_ARCHIVE_AL003629430/manifest
קבוצת יתומים יהודים בהגיעה מקפריסין לחופי הארץ.,http://iiif.nli.org.il/IIIFv21/DOCID/NNL_ARCHIVE_AL003571024/manifest
Defence of the Negev.,http://iiif.nli.org.il/IIIFv21/DOCID/NNL_ARCHIVE_AL003557778/manifest
Lydda Airport back in action.,http://iiif.nli.org.il/IIIFv21/DOCID/NNL_ARCHIVE_AL003570166/manifest
"<<The>> Supreme Court at its opening session in Jerusalem, September 1948.",http://iiif.nli.org.il/IIIFv21/DOCID/NNL_ARCHIVE_AL003558579/manifest
"<<ה>>גמנסיה העברית, ירושלים: מחזור כ""ח, ה'תש""ח.",http://iiif.nli.org.il/IIIFv21/DOCID/NNL_ARCHIVE_AL003545721/manifest
"טקס הכרזת המדינה, ה' אייר תש""ח.",http://iiif.nli.org.il/IIIFv21/DOCID/NNL_ARCHIVE_AL003574352/manifest
טקס הפתיחה של כביש הגבורה.,http://iiif.nli.org.il/IIIFv21/DOCID/NNL_ARCHIVE_AL003557525/manifest
ילדי שאר ישוב עם אמותיהם.,http://iiif.nli.org.il/IIIFv21/DOCID/NNL_ARCHIVE_AL003573680/manifest
[נוסעים ליד אוטובוס משוריין בימי מלחמת העצמאות].,http://iiif.nli.org.il/IIIFv21/DOCID/NNL_ARCHIVE_AL003569446/manifest
[חברות קבוץ גניגר מתאמנות בנשיאת פצוע],http://iiif.nli.org.il/IIIFv21/DOCID/NNL_ARCHIVE_AL002723327/manifest
Opening of Israel's First Parliament: Israeli Arab members of the Assembly.,http://iiif.nli.org.il/IIIFv21/DOCID/NNL_ARCHIVE_AL003569623/manifest
Post War Refugees,http://iiif.nli.org.il/IIIFv21/DOCID/NNL_ARCHIVE_AL003573629/manifest
Post War Refugees,http://iiif.nli.org.il/IIIFv21/DOCID/NNL_ARCHIVE_AL003573659/manifest
Post War Refugees,http://iiif.nli.org.il/IIIFv21/DOCID/NNL_ARCHIVE_AL003573664/manifest
חיים ויצמן ודניאל אוסטר.,http://iiif.nli.org.il/IIIFv21/DOCID/NNL_ARCHIVE_AL003570948/manifest
הבחירות לאסיפה המכוננת: קלפי באבו גוש.,http://iiif.nli.org.il/IIIFv21/DOCID/NNL_ARCHIVE_AL003557806/manifest
הבחירות לאסיפה המכוננת: קלפי באבו גוש.,http://iiif.nli.org.il/IIIFv21/DOCID/NNL_ARCHIVE_AL003557811/manifest
"חיילי יחידת המעוטים של צה""ל צועדים ב""יום הצבא"", כ' תמוז תש""ט",http://iiif.nli.org.il/IIIFv21/DOCID/NNL_ARCHIVE_AL003570376/manifest
"חיילי צה""ל צועדים ב""יום הצבא"", כ' תמוז תש""ט",http://iiif.nli.org.il/IIIFv21/DOCID/NNL_ARCHIVE_AL003573485/manifest
טקס השבעתו של חיים וייצמן לנשיא מדינת ישראל.,http://iiif.nli.org.il/IIIFv21/DOCID/NNL_ARCHIVE_AL003564656/manifest
"ישובי קרן היסוד - מבצרי עוז בימי מלחמה, מקורות מחיה לעם בימי שלום.",http://iiif.nli.org.il/IIIFv21/DOCID/NNL_ARCHIVE_AL003712421/manifest
Jerusalem.,http://iiif.nli.org.il/IIIFv21/DOCID/NNL_ARCHIVE_AL003702787/manifest
"Tree Nursery at Ilanot, Near Kfar Vitkin",http://iiif.nli.org.il/IIIFv21/DOCID/NNL_ARCHIVE_AL002723490/manifest
"Yemenite workers at the embroidery workshops ""Shani"", Jerusalem.",http://iiif.nli.org.il/IIIFv21/DOCID/NNL_ARCHIVE_AL003569466/manifest
אנדרטת הגבורה על יד יער חולדה.,http://iiif.nli.org.il/IIIFv21/DOCID/NNL_ARCHIVE_AL003573411/manifest
"בניית צריפי פח במושב עגור, פרוזדור ירושלים.",http://iiif.nli.org.il/IIIFv21/DOCID/NNL_ARCHIVE_AL003569467/manifest
"בנות חצרמות, מעברת עין שמר, 1950.",http://iiif.nli.org.il/IIIFv21/DOCID/NNL_ARCHIVE_AL003486907/manifest
הר ציון - ירושלים: בבית העדות.,http://iiif.nli.org.il/IIIFv21/DOCID/NNL_ARCHIVE_AL003704723/manifest
הר ציון - ירושלים: במרתף השואה.,http://iiif.nli.org.il/IIIFv21/DOCID/NNL_ARCHIVE_AL003704780/manifest
הר ציון - ירושלים: חדר כנור דוד.,http://iiif.nli.org.il/IIIFv21/DOCID/NNL_ARCHIVE_AL003704841/manifest
הר ציון - ירושלים: ליד מצבת דוד המלך.,http://iiif.nli.org.il/IIIFv21/DOCID/NNL_ARCHIVE_AL003704926/manifest
הר ציון - ירושלים: קבר דוד המלך.,http://iiif.nli.org.il/IIIFv21/DOCID/NNL_ARCHIVE_AL003704929/manifest
חוות אילנות לחקר היער.,http://iiif.nli.org.il/IIIFv21/DOCID/NNL_ARCHIVE_AL003573365/manifest
חוות אילנות לחקר היער.,http://iiif.nli.org.il/IIIFv21/DOCID/NNL_ARCHIVE_AL003573368/manifest
ירושלים.,http://iiif.nli.org.il/IIIFv21/DOCID/NNL_ARCHIVE_AL003704957/manifest
"ירושלים: בית הנכאות ""בצלאל"".",http://iiif.nli.org.il/IIIFv21/DOCID/NNL_ARCHIVE_AL003705582/manifest
ירושלים: בנין י.מ.ק.א.,http://iiif.nli.org.il/IIIFv21/DOCID/NNL_ARCHIVE_AL003705655/manifest
ירושלים: בעיר החדשה.,http://iiif.nli.org.il/IIIFv21/DOCID/NNL_ARCHIVE_AL003705478/manifest
ירושלים: הכותל המערבי.,http://iiif.nli.org.il/IIIFv21/DOCID/NNL_ARCHIVE_AL003704685/manifest
ירושלים: הכנסיה החבשית.,http://iiif.nli.org.il/IIIFv21/DOCID/NNL_ARCHIVE_AL003705602/manifest
ירושלים: העיר החדשה.,http://iiif.nli.org.il/IIIFv21/DOCID/NNL_ARCHIVE_AL003705470/manifest
ירושלים: העיר העתיקה.,http://iiif.nli.org.il/IIIFv21/DOCID/NNL_ARCHIVE_AL003702788/manifest
ירושלים: הר הבית.,http://iiif.nli.org.il/IIIFv21/DOCID/NNL_ARCHIVE_AL003702791/manifest
ירושלים: הר ציון.,http://iiif.nli.org.il/IIIFv21/DOCID/NNL_ARCHIVE_AL003704695/manifest
ירושלים: חומת העיר העתיקה.,http://iiif.nli.org.il/IIIFv21/DOCID/NNL_ARCHIVE_AL003702804/manifest
ירושלים: חפירות בסנהדריה.,http://iiif.nli.org.il/IIIFv21/DOCID/NNL_ARCHIVE_AL003705684/manifest
ירושלים: מבט לעיר העתיקה.,http://iiif.nli.org.il/IIIFv21/DOCID/NNL_ARCHIVE_AL003702802/manifest
ירושלים: מגדל דוד.,http://iiif.nli.org.il/IIIFv21/DOCID/NNL_ARCHIVE_AL003704667/manifest
ירושלים: מגדל דוד.,http://iiif.nli.org.il/IIIFv21/DOCID/NNL_ARCHIVE_AL003704674/manifest
"ירושלים: מראה בית הכרם, בית וגן והר הרצל.",http://iiif.nli.org.il/IIIFv21/DOCID/NNL_ARCHIVE_AL003705645/manifest
ירושלים: מראה חלקי.,http://iiif.nli.org.il/IIIFv21/DOCID/NNL_ARCHIVE_AL003705265/manifest
ירושלים: מראה חלקי.,http://iiif.nli.org.il/IIIFv21/DOCID/NNL_ARCHIVE_AL003705270/manifest
ירושלים: מראה חלקי.,http://iiif.nli.org.il/IIIFv21/DOCID/NNL_ARCHIVE_AL003705439/manifest
ירושלים: מראה חלקי.,http://iiif.nli.org.il/IIIFv21/DOCID/NNL_ARCHIVE_AL003705464/manifest
ירושלים: סוכות במאה שערים.,http://iiif.nli.org.il/IIIFv21/DOCID/NNL_ARCHIVE_AL003704936/manifest
ירושלים: סוכות במאה שערים.,http://iiif.nli.org.il/IIIFv21/DOCID/NNL_ARCHIVE_AL003704937/manifest
ירושלים: עמק המצלבה.,http://iiif.nli.org.il/IIIFv21/DOCID/NNL_ARCHIVE_AL003705473/manifest
ירושלים: קבר הרצל.,http://iiif.nli.org.il/IIIFv21/DOCID/NNL_ARCHIVE_AL003705778/manifest
ירושלים: רחוב בן יהודה מככר ציון.,http://iiif.nli.org.il/IIIFv21/DOCID/NNL_ARCHIVE_AL003705481/manifest
ירושלים: רחוב המלך ג'ורג' החמישי ובנין הכנסת.,http://iiif.nli.org.il/IIIFv21/DOCID/NNL_ARCHIVE_AL003705652/manifest
ירושלים: שכונת ימין משה - טחנת רוח.,http://iiif.nli.org.il/IIIFv21/DOCID/NNL_ARCHIVE_AL003705665/manifest
עולים חדשים במושב עלמה.,http://iiif.nli.org.il/IIIFv21/DOCID/NNL_ARCHIVE_AL003557635/manifest
קבר רחל.,http://iiif.nli.org.il/IIIFv21/DOCID/NNL_ARCHIVE_AL003705819/manifest
"דוד בן גוריון נואם בעצרת לציון סוף מבצע ""על כנפי נשרים"".",http://iiif.nli.org.il/IIIFv21/DOCID/NNL_ARCHIVE_AL003567049/manifest
"Tel Yeruham, Settlement of New Immigrants in the Negev",http://iiif.nli.org.il/IIIFv21/DOCID/NNL_ARCHIVE_AL002723495/manifest
ביקור שר האוצר בלונדון.,http://iiif.nli.org.il/IIIFv21/DOCID/NNL_ARCHIVE_AL003823763/manifest
בתים חדשים במושב בית נקופה.,http://iiif.nli.org.il/IIIFv21/DOCID/NNL_ARCHIVE_AL003557641/manifest
בתים חדשים במושב בית נקופה.,http://iiif.nli.org.il/IIIFv21/DOCID/NNL_ARCHIVE_AL003557651/manifest
עולים חדשים במושב בית נקופה.,http://iiif.nli.org.il/IIIFv21/DOCID/NNL_ARCHIVE_AL003557657/manifest
קציר שעורה בנגב.,http://iiif.nli.org.il/IIIFv21/DOCID/NNL_ARCHIVE_AL003569461/manifest
תפילה בבית הכנסת של מושב עלמה.,http://iiif.nli.org.il/IIIFv21/DOCID/NNL_ARCHIVE_AL003557604/manifest
Cana.,http://iiif.nli.org.il/IIIFv21/DOCID/NNL_ARCHIVE_AL002723597/manifest
ייבוש ביצות החולה.,http://iiif.nli.org.il/IIIFv21/DOCID/NNL_ARCHIVE_AL003573372/manifest
מבט אל הכנרת מקיבוץ עין גב בשעת שקיעה.,http://iiif.nli.org.il/IIIFv21/DOCID/NNL_ARCHIVE_AL003573596/manifest
ילדי גן הילדים באילת עם הגננת ברכה דבינר.,http://iiif.nli.org.il/IIIFv21/DOCID/NNL_ARCHIVE_AL003586223/manifest
"מצעד צה""ל בעיר חיפה, יום העצמאות תשי""ג.",http://iiif.nli.org.il/IIIFv21/DOCID/NNL_ARCHIVE_AL003573388/manifest
ילדי בית ספר במושב מסלול בנגב.,http://iiif.nli.org.il/IIIFv21/DOCID/NNL_ARCHIVE_AL003673404/manifest
"מתן מענק לידה ראשון על ידי שרת העבודה בבית החולים ""הדסה"", ירושלים.",http://iiif.nli.org.il/IIIFv21/DOCID/NNL_ARCHIVE_AL003567764/manifest
"בית הקברות הצבאי, הר הרצל, ירושלים - קבר החייל האלמוני.",http://iiif.nli.org.il/IIIFv21/DOCID/NNL_ARCHIVE_AL003705746/manifest
ירושלים: במאה שערים.,http://iiif.nli.org.il/IIIFv21/DOCID/NNL_ARCHIVE_AL003704952/manifest
ירושלים: בנין הכנסת.,http://iiif.nli.org.il/IIIFv21/DOCID/NNL_ARCHIVE_AL003705706/manifest
ירושלים: בניני הסוכנות היהודית.,http://iiif.nli.org.il/IIIFv21/DOCID/NNL_ARCHIVE_AL003705713/manifest
ירושלים: הכניסה להר הרצל.,http://iiif.nli.org.il/IIIFv21/DOCID/NNL_ARCHIVE_AL003705726/manifest
ירושלים: הר ציון.,http://iiif.nli.org.il/IIIFv21/DOCID/NNL_ARCHIVE_AL003704766/manifest
ירושלים: קרית האוניברסיטה בהקמתה.,http://iiif.nli.org.il/IIIFv21/DOCID/NNL_ARCHIVE_AL003705808/manifest
"מבצע קדש: הנשיא ורעייתו מבקרים בעמדת צה""ל בראס נצרני.",http://iiif.nli.org.il/IIIFv21/DOCID/NNL_ARCHIVE_AL003573458/manifest
"מבצע קדש: חיילי צה""ל בדרך אל איסמעיליה.",http://iiif.nli.org.il/IIIFv21/DOCID/NNL_ARCHIVE_AL003573412/manifest
"מבצע קדש: חיילי צה""ל בעמדה מצרית שנכבשה.",http://iiif.nli.org.il/IIIFv21/DOCID/NNL_ARCHIVE_AL003573478/manifest
"חנוכת מעון הסטודנטים ברחוב איתמר בן אב""י, ירושלים.",http://iiif.nli.org.il/IIIFv21/DOCID/NNL_ARCHIVE_AL003573226/manifest
<<ה>>נשיא בן צבי מעיין בספר שהוגש לו על ידי מחבריו.,http://iiif.nli.org.il/IIIFv21/DOCID/NNL_ARCHIVE_AL003574126/manifest
Habimah Theatre celebration on its 40th anniverary.,http://iiif.nli.org.il/IIIFv21/DOCID/NNL_ARCHIVE_AL003488190/manifest
President Ben Zvi with the leading Habimah actors on its 40th anniverary.,http://iiif.nli.org.il/IIIFv21/DOCID/NNL_ARCHIVE_AL003488196/manifest
<<ה>>אוניברסיטה העברית בירושלים.,http://iiif.nli.org.il/IIIFv21/DOCID/NNL_ARCHIVE_AL003705812/manifest
"ירושלים: ""היכל שלמה"" - בנין הרבנות הראשית.",http://iiif.nli.org.il/IIIFv21/DOCID/NNL_ARCHIVE_AL003705689/manifest
"ירושלים: ""היכל שלמה"" - בנין הרבנות הראשית.",http://iiif.nli.org.il/IIIFv21/DOCID/NNL_ARCHIVE_AL003705698/manifest
Post War Refugees: New People for a New Land.,http://iiif.nli.org.il/IIIFv21/DOCID/NNL_ARCHIVE_AL003573638/manifest
"מראה כללי של קרית האוניברסיטה העברית בירושלים, גבעת רם.",http://iiif.nli.org.il/IIIFv21/DOCID/NNL_ARCHIVE_AL003573562/manifest
ירושלים: קבר הרצל.,http://iiif.nli.org.il/IIIFv21/DOCID/NNL_ARCHIVE_AL003705787/manifest
"ישיבה של מועצת יד ושם, קיץ תש""ך.",http://iiif.nli.org.il/IIIFv21/DOCID/NNL_ARCHIVE_AL003725165/manifest
"בית הספר התיכוני לנערים ""מזרחי"", ירושלים.",http://iiif.nli.org.il/IIIFv21/DOCID/NNL_ARCHIVE_AL003479949/manifest
מדור ההשאלה בספריית א. ספיר בפתח תקווה.,http://iiif.nli.org.il/IIIFv21/DOCID/NNL_ARCHIVE_AL003573091/manifest
<<ה>>נשיא בן צבי מברך את הארכיבישוף חכים.,http://iiif.nli.org.il/IIIFv21/DOCID/NNL_ARCHIVE_AL003571295/manifest
"<<ה>>ספרייה וחדר העיון בבית התלמיד, פתח תקוה.",http://iiif.nli.org.il/IIIFv21/DOCID/NNL_ARCHIVE_AL003573098/manifest
ילדי שכונת בקעה בירושלים מחכים לבוא הספרייה הניידת.,http://iiif.nli.org.il/IIIFv21/DOCID/NNL_ARCHIVE_AL003573065/manifest
ילדי שכונת עין כרם בירושלים לפני הספרייה הניידת.,http://iiif.nli.org.il/IIIFv21/DOCID/NNL_ARCHIVE_AL003573072/manifest
"שבטי ישראל - חלונות שאגאל בבית הכנסת במרכז הרפואי של ""הדסה"".",http://iiif.nli.org.il/IIIFv21/DOCID/NNL_ARCHIVE_AL003705817/manifest
תערוכת הגדות של פסח.,http://iiif.nli.org.il/IIIFv21/DOCID/NNL_ARCHIVE_AL003569716/manifest
Gemini XI - A view of Israel and its neighbors.,http://iiif.nli.org.il/IIIFv21/DOCID/NNL_ARCHIVE_AL003579012/manifest
